"genres","agreg_genres"
"Автомобили и ПДД","Автомобили и ПДД"
"Архитектура","Архитектура и строительство"
"Архитектурные конструкции","Архитектура и строительство"
"Дизайн","Архитектура и строительство"
"Интерьеры","Архитектура и строительство"
"Основы строительства","Архитектура и строительство"
"Отдельные виды строительства","Архитектура и строительство"
"Проектирование","Архитектура и строительство"
"Проектирование в строительстве","Архитектура и строительство"
"Ремонт в квартире","Архитектура и строительство"
"Строительные конструкции","Архитектура и строительство"
"Строительные материалы","Архитектура и строительство"
"Астрология","Астрология, гадания, магия"
"Гадание / толкование снов","Астрология, гадания, магия"
"Магия / колдовство","Астрология, гадания, магия"
"Мистика","Астрология, гадания, магия"
"Спиритизм / пророчества / предсказания","Астрология, гадания, магия"
"IT-менеджмент","Бизнес и менеджмент"
"MBA","Бизнес и менеджмент"
"PR","Бизнес и менеджмент"
"Project-менеджмент","Бизнес и менеджмент"
"Аттестация персонала","Бизнес и менеджмент"
"Базы данных","Бизнес и менеджмент"
"Банковское дело","Бизнес и менеджмент"
"Бизнес-журналы","Бизнес и менеджмент"
"Бизнес-план","Бизнес и менеджмент"
"Бизнес-процессы","Бизнес и менеджмент"
"Бизнес-процессы / инновации","Бизнес и менеджмент"
"Бизнес-справочники","Бизнес и менеджмент"
"Бизнес-стратегии","Бизнес и менеджмент"
"Брендинг","Бизнес и менеджмент"
"Бухучет / налогообложение / аудит","Бизнес и менеджмент"
"Бюджетирование","Бизнес и менеджмент"
"Выход из бизнеса","Бизнес и менеджмент"
"Государственное и муниципальное управление","Бизнес и менеджмент"
"Директ-маркетинг","Бизнес и менеджмент"
"Дистрибуция","Бизнес и менеджмент"
"Зарубежная деловая литература","Бизнес и менеджмент"
"Издательское дело","Бизнес и менеджмент"
"Инновации в бизнесе","Бизнес и менеджмент"
"Интернет-бизнес","Бизнес и менеджмент"
"Интернет-маркетинг","Бизнес и менеджмент"
"Классика менеджмента","Бизнес и менеджмент"
"Классический маркетинг","Бизнес и менеджмент"
"Клиентский сервис","Бизнес и менеджмент"
"Консалтинг","Бизнес и менеджмент"
"Копирайтинг","Бизнес и менеджмент"
"Корпоративная культура","Бизнес и менеджмент"
"Корпоративные финансы","Бизнес и менеджмент"
"Коучинг","Бизнес и менеджмент"
"Креатив / идеи","Бизнес и менеджмент"
"Кризисное управление","Бизнес и менеджмент"
"Лидерство","Бизнес и менеджмент"
"Логистика","Бизнес и менеджмент"
"Лояльность","Бизнес и менеджмент"
"Малый и средний бизнес","Бизнес и менеджмент"
"Маркетинг для новичков","Бизнес и менеджмент"
"Маркетинг и реклама","Бизнес и менеджмент"
"Маркетинговые исследования и анализ","Бизнес и менеджмент"
"Менеджмент и кадры","Бизнес и менеджмент"
"Мерчендайзинг","Бизнес и менеджмент"
"Недвижимость","Бизнес и менеджмент"
"Организационный менеджмент","Бизнес и менеджмент"
"Отношения с клиентами","Бизнес и менеджмент"
"Партизанский маркетинг","Бизнес и менеджмент"
"Поиск и подбор персонала","Бизнес и менеджмент"
"Привлечение клиентов","Бизнес и менеджмент"
"Производственный менеджмент","Бизнес и менеджмент"
"Просто о бизнесе","Бизнес и менеджмент"
"Работа с долгами","Бизнес и менеджмент"
"Работа с клиентами","Бизнес и менеджмент"
"Реклама","Бизнес и менеджмент"
"Риски","Бизнес и менеджмент"
"Событийный маркетинг","Бизнес и менеджмент"
"Стартапы и создание бизнеса","Бизнес и менеджмент"
"Стратегический менеджмент","Бизнес и менеджмент"
"Стратегия маркетинга","Бизнес и менеджмент"
"Тайм-менеджмент","Бизнес и менеджмент"
"Техника продаж","Бизнес и менеджмент"
"Управление ассортиментом","Бизнес и менеджмент"
"Управление бизнесом","Бизнес и менеджмент"
"Управление качеством","Бизнес и менеджмент"
"Управление маркетингом","Бизнес и менеджмент"
"Управление персоналом","Бизнес и менеджмент"
"Управление персоналом и лидерство","Бизнес и менеджмент"
"Управление продажами","Бизнес и менеджмент"
"Управление экономикой","Бизнес и менеджмент"
"Успешные переговоры","Бизнес и менеджмент"
"Финансовые инструменты","Бизнес и менеджмент"
"Финансовый менеджмент","Бизнес и менеджмент"
"Финансы","Бизнес и менеджмент"
"Холодные продажи","Бизнес и менеджмент"
"Эффективная презентация","Бизнес и менеджмент"
"Эффективность бизнеса","Бизнес и менеджмент"
"Японский менеджмент","Бизнес и менеджмент"
"Биографии и мемуары","Биографии"
"Биографические справочники","Биографии"
"Боевики","Боевики"
"Зарубежные боевики","Боевики"
"Криминальные боевики","Боевики"
"Вестерны","Вестерны"
"Военное дело","Военное дело"
"Военное дело / спецслужбы","Военное дело"
"Военное право","Военное дело"
"Газеты","Газеты. Журналы. Альманахи"
"Альманахи","Газеты. Журналы. Альманахи"
"Журнальные издания","Газеты. Журналы. Альманахи"
"Литературные журналы","Газеты. Журналы. Альманахи"
"Сборники","Газеты. Журналы. Альманахи"
"СМИ","Газеты. Журналы. Альманахи"
"Антропология","Гуманитарные науки"
"Археология","Гуманитарные науки"
"Архивное дело","Гуманитарные науки"
"Благоустройство территории","Гуманитарные науки"
"Внешняя политика","Гуманитарные науки"
"Внутренняя политика","Гуманитарные науки"
"Источниковедение","Гуманитарные науки"
"Книги по философии","Гуманитарные науки"
"Литературоведение","Гуманитарные науки"
"Метафизика","Гуманитарные науки"
"Национальная политика","Гуманитарные науки"
"Педагогика","Гуманитарные науки"
"Первобытное общество","Гуманитарные науки"
"Политические партии","Гуманитарные науки"
"Политическое управление","Гуманитарные науки"
"Политология","Гуманитарные науки"
"Современное политическое положение","Гуманитарные науки"
"Социальная психология","Гуманитарные науки"
"Социальная философия","Гуманитарные науки"
"Социокультурная деятельность","Гуманитарные науки"
"Социология","Гуманитарные науки"
"Соционика","Гуманитарные науки"
"Этнография","Гуманитарные науки"
"Языкознание","Гуманитарные науки"
"История философии","Гуманитарные науки"
"Зарубежные детективы","Детективы"
"Иронические детективы","Детективы"
"Исторические детективы","Детективы"
"Классические детективы","Детективы"
"Крутой детектив","Детективы"
"Политические детективы","Детективы"
"Полицейские детективы","Детективы"
"Современные детективы","Детективы"
"Шпионские детективы","Детективы"
"Детская проза","Детская литература"
"Детская фантастика","Детская литература"
"Детские детективы","Детская литература"
"Детские приключения","Детская литература"
"Детские стихи","Детская литература"
"Зарубежные детские книги","Детская литература"
"Книги для детей","Детская литература"
"Книги для дошкольников","Детская литература"
"Книги для подростков","Детская литература"
"Книги о войне","Документальная и историческая литература"
"Документальная литература","Документальная и историческая литература"
"Документы","Документальная и историческая литература"
"Историческая литература","Документальная и историческая литература"
"Хронология","Документальная и историческая литература"
"Домашнее хозяйство","Домашнее хозяйство"
"Домашние животные","Домашнее хозяйство"
"Животноводство","Домашнее хозяйство"
"Производство птицы","Домашнее хозяйство"
"Растениеводство","Домашнее хозяйство"
"Рыбное хозяйство","Домашнее хозяйство"
"Сад и огород","Домашнее хозяйство"
"Сельское хозяйство","Домашнее хозяйство"
"Агрохимия","Естественные науки"
"Астрономия","Естественные науки"
"Атомная энергетика","Естественные науки"
"Биохимия","Естественные науки"
"Ботаника","Естественные науки"
"География","Естественные науки"
"Геология","Естественные науки"
"Естествознание","Естественные науки"
"Зоология","Естественные науки"
"Материаловедение","Естественные науки"
"Механика","Естественные науки"
"Микробиология","Естественные науки"
"Наука и технологии","Естественные науки"
"Общая биология","Естественные науки"
"Общая химия","Естественные науки"
"Палеонтология","Естественные науки"
"Природа и животные","Естественные науки"
"Физика","Естественные науки"
"Экология","Естественные науки"
"Здоровое и правильное питание","Здоровье и спорт"
"Здоровый образ жизни / фитнес","Здоровье и спорт"
"Здоровье","Здоровье и спорт"
"Здоровье детей","Здоровье и спорт"
"Йога","Здоровье и спорт"
"Общественное питание","Здоровье и спорт"
"Похудение и диеты","Здоровье и спорт"
"Спорт / фитнес","Здоровье и спорт"
"Физкультура и спорт","Здоровье и спорт"
"Forex","Инвестиции"
" инвестиции","Инвестиции"
"Привлечение инвестиций","Инвестиции"
"Транзакционный анализ","Инвестиции"
"Трейдинг","Инвестиции"
"Ценные бумаги / инвестиции","Инвестиции"
"Иностранные языки","Иностранные языки"
"Испанский язык","Иностранные языки"
"Итальянский язык","Иностранные языки"
"Немецкий язык","Иностранные языки"
"Польский язык","Иностранные языки"
"Разговорники","Иностранные языки"
"Французский язык","Иностранные языки"
"Языковые словари","Иностранные языки"
"Английский язык","Иностранные языки"
"Зарубежная драматургия","Искусство и культура"
"Зарубежная литература о культуре и искусстве","Искусство и культура"
"История искусства","Искусство и культура"
"Кинематограф / театр","Искусство и культура"
"Контркультура","Искусство и культура"
"Культурология","Искусство и культура"
"Музеи и коллекции","Искусство и культура"
"Музыка","Искусство и культура"
"Опера / балет","Искусство и культура"
"Ораторское искусство / риторика","Искусство и культура"
"Памятники истории и культуры","Искусство и культура"
"Пьесы и драматургия","Искусство и культура"
"Русская драматургия","Искусство и культура"
"Телевидение","Искусство и культура"
"Христианское искусство","Искусство и культура"
"Цирк","Искусство и культура"
"Эстетика","Искусство и культура"
"Этика","Искусство и культура"
"Изобразительное искусство","Искусство и культура"
"Искусство фотографии","Искусство и культура"
"Искусствоведение","Искусство и культура"
"Всемирная история","История"
"История Древнего мира","История"
"История политических учений","История"
"История России","История"
"История Средних веков","История"
"Новейшая история","История"
"Новое время","История"
"Общая история","История"
"Популярно об истории","История"
"Зарубежная классика","Классическая литература"
"Русская классика","Классическая литература"
"Литература 18 века","Классическая литература"
"Литература 19 века","Классическая литература"
"Литература 20 века","Классическая литература"
"Классическая проза","Классическая литература"
"Зарубежная компьютерная литература","Компьютерная литература"
"Интернет","Компьютерная литература"
"Информатика и вычислительная техника","Компьютерная литература"
"Информационная безопасность","Компьютерная литература"
"Книги о компьютерах","Компьютерная литература"
"Компьютерная справочная литература","Компьютерная литература"
"Компьютерное железо","Компьютерная литература"
"ОС и сети","Компьютерная литература"
"Программирование","Компьютерная литература"
"Программы","Компьютерная литература"
"Безалкогольные напитки","Кулинария"
"Бродильные производства","Кулинария"
"Кулинария","Кулинария"
"Пищевое производство","Кулинария"
"Зарубежные любовные романы","Любовные произведения"
"Исторические любовные романы","Любовные произведения"
"Классические любовные романы","Любовные произведения"
"Короткие любовные романы","Любовные произведения"
"Остросюжетные любовные романы","Любовные произведения"
"Современные любовные романы","Любовные произведения"
"Акушерство и гинекология","Медицина"
"Альтернативная медицина","Медицина"
"Анатомия и физиология","Медицина"
"Анестезиология","Медицина"
"Ветеринария","Медицина"
"Вирусология","Медицина"
"Гастроэнтерология","Медицина"
"Генетика","Медицина"
"Геронтология","Медицина"
"Гигиена","Медицина"
"Дерматология","Медицина"
"Иммунология и аллергология","Медицина"
"Кардиология","Медицина"
"Клиническая медицина","Медицина"
"Медицина","Медицина"
"Наркология","Медицина"
"Народная и нетрадиционная медицина","Медицина"
"Неврология","Медицина"
"Нейробиология","Медицина"
"Общая патология","Медицина"
"Онкология","Медицина"
"Ортопедия и травматология","Медицина"
"Оториноларингология","Медицина"
"Офтальмология","Медицина"
"Паразитология","Медицина"
"Педиатрия и неонатология","Медицина"
"Популярно о медицине","Медицина"
"Прикладные отрасли медицины","Медицина"
"Психиатрия","Медицина"
"Психотерапия","Медицина"
"Реаниматология","Медицина"
"Стоматология","Медицина"
"Токсикология","Медицина"
"Урология и нефрология","Медицина"
"Фармакология","Медицина"
"Фармация","Медицина"
"Хирургия","Медицина"
"Эндокринология","Медицина"
"Эпидемиология","Медицина"
"Материалы конференций","Научная литература"
"Монографии","Научная литература"
"Библиография","Научная литература"
"Научно-практические журналы","Научная литература"
"Научные доклады","Научная литература"
"Научные справочники","Научная литература"
"Буквари","Образовательная литература"
"Детская познавательная и развивающая литература","Образовательная литература"
"Научно-популярная литература","Образовательная литература"
"Научно-популярные журналы","Образовательная литература"
"Зарубежная образовательная литература","Образовательная литература"
"Прочая образовательная литература","Образовательная литература"
"Учебная литература","Образовательная литература"
"Учебники и пособия для вузов","Образовательная литература"
"Учебники и пособия для ссузов","Образовательная литература"
"Учебники по психологии","Образовательная литература"
"Учебно-методические пособия (методички)","Образовательная литература"
"Учебные программы","Образовательная литература"
"Учебные справочники","Образовательная литература"
"Энциклопедии","Образовательная литература"
"Энциклопедические словари","Образовательная литература"
"Зарубежная поэзия","Поэзия"
"Русская поэзия","Поэзия"
"Стихи и поэзия","Поэзия"
"Зарубежная прикладная литература","Прикладная литература"
"Прикладная литература","Прикладная литература"
"Зарубежные приключения","Приключения"
"Исторические приключения","Приключения"
"Классика приключенческой литературы","Приключения"
"Книги о приключениях","Приключения"
"Морские приключения","Приключения"
"Легкая промышленность","Промышленность"
"Машиностроение","Промышленность"
"Металлургия","Промышленность"
"Отраслевые издания","Промышленность"
"Возрастная психология","Психология"
"Воспитание детей","Психология"
"Гендерные различия","Психология"
"Детская психология","Психология"
"Зарубежная психология","Психология"
"Истории успеха","Психология"
"Истории успеха и биографии","Психология"
"История психологии","Психология"
"Классики психологии","Психология"
"Клиническая психология","Психология"
"Конфликты","Психология"
"Личная эффективность","Психология"
"Личная эффективность / продуктивность","Психология"
"Личные финансы","Психология"
"Любовь и отношения","Психология"
"Мотивация","Психология"
"Научная литература по психологии","Психология"
"Нейропсихология","Психология"
"НЛП","Психология"
"О психологии популярно","Психология"
"Общая психология","Психология"
"Основы психологии","Психология"
"Отраслевая психология","Психология"
"Парапсихология","Психология"
"Переговоры","Психология"
"Переговоры и продажи","Психология"
"Поиск работы / карьера","Психология"
"Практическая психология","Психология"
"Психоанализ","Психология"
"Психологическая консультация","Психология"
"Психологические тесты","Психология"
"Психологические тренинги","Психология"
"Психология","Психология"
"Психология управления","Психология"
"Развитие психики","Психология"
"Семейная психология","Психология"
"Состояния и явления психики","Психология"
"Тимбилдинг","Психология"
"Истории из жизни","Публицистика"
"Зарубежная публицистика","Публицистика"
"Критика","Публицистика"
"Публицистика","Публицистика"
"Комиксы / манга","Развлечения"
"Развлечения","Развлечения"
"Фанфик","Развлечения"
"Акафисты","Религия"
"Богословие","Религия"
"Вероучения в буддизме","Религия"
"Воскресная школа","Религия"
"Даосизм / конфуцианство","Религия"
"Дзэн-буддизм","Религия"
"Духовная литература","Религия"
"Житийная литература","Религия"
"Зарубежная религиозная и эзотерическая литература","Религия"
"Зарубежная религиозная литература","Религия"
"Индийские религии","Религия"
"Ислам / мусульманство","Религия"
"История православной церкви","Религия"
"Иудаизм","Религия"
"Католицизм","Религия"
"Книги для священнослужителей","Религия"
"Коран / пророки","Религия"
"Молитвы в исламе","Религия"
"Паломничество","Религия"
"Православие","Религия"
"Православие для детей","Религия"
"Православная медицина","Религия"
"Православные календари","Религия"
"Православные каноны","Религия"
"Православные молитвы","Религия"
"Православные традиции","Религия"
"Религии / верования / культы","Религия"
"Религиоведение / история религий","Религия"
"Религиозные тексты","Религия"
"Священное Писание","Религия"
"Современные религиозные течения","Религия"
"Тибетский буддизм","Религия"
"Христианство","Религия"
"Безопасность жизнедеятельности","Руководства"
"Руководства","Руководства"
"Орфографические словари","Русский язык"
"Русский язык","Русский язык"
"Русский язык как иностранный","Русский язык"
"Терминологические словари","Русский язык"
"Толковые словари","Русский язык"
"Интеллектуальные игры","Саморазвитие"
"Логика","Саморазвитие"
"Практикумы","Саморазвитие"
"Саморазвитие","Саморазвитие"
"Саморазвитие / личностный рост","Саморазвитие"
"Самоучители","Саморазвитие"
"Советы от гуру","Саморазвитие"
"Сказки","Сказки"
"Легкая проза","Современная литература"
"Советская литература","Современная литература"
"Современная зарубежная литература","Современная литература"
"Современная русская литература","Современная литература"
"Бытовые справочники","Справочники"
"Другие словари","Справочники"
"Другие справочники","Справочники"
"Зарубежная справочная литература","Справочники"
"Популярные справочники","Справочники"
"Справочная литература","Справочники"
"Античная литература","Старинная литература"
"Древневосточная литература","Старинная литература"
"Древнерусская литература","Старинная литература"
"Европейская старинная литература","Старинная литература"
"Зарубежная старинная литература","Старинная литература"
"Мифы / легенды / эпос","Старинная литература"
"Старинная литература","Старинная литература"
"Фольклор","Старинная литература"
"Радиолокация","Техническая литература"
"Радиотехника","Техническая литература"
"Техническая литература","Техническая литература"
"Электрическая связь","Техническая литература"
"Электроника","Техническая литература"
"Электроэнергетика","Техническая литература"
"Автотранспорт","Транспорт"
"Водный транспорт","Транспорт"
"Воздушный транспорт","Транспорт"
"Железнодорожный транспорт","Транспорт"
"Космический транспорт","Транспорт"
"Триллеры","Триллеры"
"Ужасы","Ужасы"
"Боевая фантастика","Фантастика"
"Героическая фантастика","Фантастика"
"Детективная фантастика","Фантастика"
"Зарубежная фантастика","Фантастика"
"Историческая фантастика","Фантастика"
"Киберпанк","Фантастика"
"Классика фантастики","Фантастика"
"Космическая фантастика","Фантастика"
"Любовно-фантастические романы","Фантастика"
"Научная фантастика","Фантастика"
"Попаданцы","Фантастика"
"Социальная фантастика","Фантастика"
"Стимпанк","Фантастика"
"Юмористическая фантастика","Фантастика"
"Книги про вампиров","Фэнтези"
"Книги про волшебников","Фэнтези"
"Магические академии","Фэнтези"
"Боевое фэнтези","Фэнтези"
"Любовное фэнтези","Фэнтези"
"Русское фэнтези","Фэнтези"
"Фэнтези про драконов","Фэнтези"
"Юмористическое фэнтези","Фэнтези"
"Героическое фэнтези","Фэнтези"
"Городское фэнтези","Фэнтези"
"Детективное фэнтези","Фэнтези"
"Зарубежное фэнтези","Фэнтези"
"Историческое фэнтези","Фэнтези"
"Классика фэнтези","Фэнтези"
"Книги о путешествиях","Хобби"
"Косметика и косметология","Хобби"
"Мода и стиль","Хобби"
"Отдых / туризм","Хобби"
"Охота","Хобби"
"Парикмахерское дело","Хобби"
"Прически / уход за волосами","Хобби"
"Путеводители","Хобби"
"Рукоделие и ремесла","Хобби"
"Рыбалка","Хобби"
"Сделай сам","Хобби"
"Танцы","Хобби"
"Фэншуй / фэн-шуй","Хобби"
"Хобби / увлечения","Хобби"
" образцы","Школьная программа"
"Биология 9 класс","Школьная программа"
"Внеклассное чтение","Школьная программа"
"География 7 класс","Школьная программа"
"География 9 класс","Школьная программа"
"ГИА по биологии (ОГЭ","Школьная программа"
"ГИА по географии (ОГЭ","Школьная программа"
"ГИА по иностранному языку (ОГЭ","Школьная программа"
"ГИА по истории (ОГЭ","Школьная программа"
"ГИА по литературе (ОГЭ","Школьная программа"
"ГИА по обществознанию (ОГЭ","Школьная программа"
"ГИА по химии (ОГЭ","Школьная программа"
" ГВЭ)","Школьная программа"
"ЕГЭ по биологии","Школьная программа"
"ЕГЭ по иностранному языку","Школьная программа"
"ЕГЭ по истории","Школьная программа"
"ЕГЭ по литературе","Школьная программа"
"ЕГЭ по обществознанию","Школьная программа"
"ЕГЭ по русскому языку","Школьная программа"
"Задачники","Школьная программа"
"Иностранный язык 9 класс","Школьная программа"
"Литература 10 класс","Школьная программа"
"Литература 11 класс","Школьная программа"
"Литература 5 класс","Школьная программа"
"Литература 6 класс","Школьная программа"
"Литература 7 класс","Школьная программа"
"Литература 8 класс","Школьная программа"
"Литература 9 класс","Школьная программа"
"Математика","Школьная программа"
"Математика 1 класс","Школьная программа"
"Математика 2 класс","Школьная программа"
"Математика 3 класс","Школьная программа"
"Обществознание 10 класс","Школьная программа"
"Обществознание 11 класс","Школьная программа"
"Обществознание 9 класс","Школьная программа"
"Рабочие тетради / прописи","Школьная программа"
"Русский язык 1 класс","Школьная программа"
"Русский язык 2 класс","Школьная программа"
"Русский язык 3 класс","Школьная программа"
"Русский язык 4 класс","Школьная программа"
"Список школьной литературы 10-11 класс","Школьная программа"
"Список школьной литературы 5-6 класс","Школьная программа"
"Список школьной литературы 7-8 класс","Школьная программа"
"Список школьной литературы 9 класс","Школьная программа"
"Химия 9 класс","Школьная программа"
"Чтение 3 класс","Школьная программа"
"Чтение 4 класс","Школьная программа"
"Школьные методические пособия","Школьная программа"
"Школьные учебники по английскому языку","Школьная программа"
"Школьные учебники по биологии","Школьная программа"
"Школьные учебники по истории","Школьная программа"
"Школьные учебники по литературе","Школьная программа"
"Школьные учебники по музыке","Школьная программа"
"Школьные учебники по обществознанию","Школьная программа"
"Школьные учебники по русскому языку","Школьная программа"
"Школьные учебники по французскому языку","Школьная программа"
"Школьные учебники по чистописанию","Школьная программа"
"Школьные учебники по чтению","Школьная программа"
"Зарубежная эзотерическая литература","Эзотерика"
"Практическая эзотерика","Эзотерика"
"Эзотерика / оккультизм","Эзотерика"
"Внешнеэкономическая деятельность","Экономика"
"История экономики","Экономика"
"История экономических учений","Экономика"
"Книги по экономике","Экономика"
"Макроэкономика","Экономика"
"Микроэкономика","Экономика"
"Мировая экономика","Экономика"
"Общая экономическая теория","Экономика"
"Отраслевая и межотраслевая экономика","Экономика"
"Технический анализ","Экономика"
"экономика","Экономика"
"Экономика развивающихся стран","Экономика"
"Экономика развитых стран","Экономика"
"Экономическая статистика","Экономика"
"Экономический анализ","Экономика"
"Экономическое развитие","Экономика"
"Эксплуатация промышленного оборудования","Экономика"
"Секс / секс-руководства","Эротическая литература"
"Эротика ЛГБТ","Эротическая литература"
"Эротическая литература","Эротическая литература"
"Эротические рассказы и истории","Эротическая литература"
"Эротические романы","Эротическая литература"
"Эротическое фэнтези","Эротическая литература"
"Анекдоты","Юмор"
"Афоризмы и цитаты","Юмор"
"Зарубежный юмор","Юмор"
"Юмор и сатира","Юмор"
"Юмористическая проза","Юмор"
"Юмористические стихи","Юмор"
"Юридические журналы","Юмор"
"Адвокатура","Юриспруденция"
"Административное право","Юриспруденция"
"Акционерное право","Юриспруденция"
"Арбитражное процессуальное право","Юриспруденция"
"Гражданский кодекс РФ","Юриспруденция"
"Гражданское право","Юриспруденция"
"Гражданское процессуальное право","Юриспруденция"
"Делопроизводство","Юриспруденция"
" жалобы","Юриспруденция"
"Жилищный кодекс РФ","Юриспруденция"
"Законы и постановления","Юриспруденция"
"Земельное право","Юриспруденция"
"Земельный кодекс РФ","Юриспруденция"
"История права","Юриспруденция"
"Коммерческое право","Юриспруденция"
"Конституционное право","Юриспруденция"
"Конституция РФ","Юриспруденция"
"Криминалистика","Юриспруденция"
"Криминология","Юриспруденция"
"Международное право","Юриспруденция"
"Муниципальное право","Юриспруденция"
"Налоговое право","Юриспруденция"
"Налоговый кодекс РФ","Юриспруденция"
"Нормативная документация","Юриспруденция"
"Нормативные правовые акты","Юриспруденция"
"Органы юстиции","Юриспруденция"
"Правоведение","Юриспруденция"
"Предпринимательское право","Юриспруденция"
"Российская практика","Юриспруденция"
"Семейное право","Юриспруденция"
"Судебное право","Юриспруденция"
"Таможенное право","Юриспруденция"
"Теория государства и права","Юриспруденция"
"Трудовое право","Юриспруденция"
"Трудовой кодекс РФ","Юриспруденция"
"Уголовное право","Юриспруденция"
"Уголовно-исполнительное право","Юриспруденция"
"Уголовно-процессуальное право","Юриспруденция"
"Уголовно-процессуальный кодекс РФ","Юриспруденция"
"Уголовный кодекс РФ","Юриспруденция"
"Финансовое право","Юриспруденция"
"Юриспруденция","Юриспруденция"
